{
  "board_state_caching": {
    "uncached_time": 0.014981985092163086,
    "cached_time": 0.016020774841308594,
    "speedup": 0.935159830942318
  },
  "evaluation_caching": {
    "uncached_time": 0.5314817428588867,
    "cached_time": 0.008183956146240234,
    "speedup": 64.94190992250772
  },
  "move_validation": {
    "total_moves": 70,
    "total_time": 0.03430485725402832,
    "avg_time_per_move_ms": 0.4900693893432617
  },
  "ai_move_generation": {
    "moves_count": 3,
    "total_time": 0.0014185905456542969,
    "avg_time_per_move": 0.00047286351521809894
  },
  "performance_summary": {
    "uptime_seconds": 12.879739761352539,
    "cpu_usage": {
      "average": 34.14,
      "maximum": 75.4
    },
    "memory_usage": {
      "average_percent": 86.03,
      "maximum_percent": 92.7,
      "process_memory_mb": {
        "average": 14.88,
        "maximum": 22.36
      }
    },
    "total_events": 0
  }
}