{
  "timestamp": [
    1762016577.7670007,
    1762016577.9691515,
    1762016578.1713433,
    1762016578.3736763,
    1762016578.5767007,
    1762016578.7802813,
    1762016578.982614,
    1762016579.185207,
    1762016579.3868768,
    1762016579.5890117,
    1762016579.7903035,
    1762016579.9923732,
    1762016580.1940672,
    1762016580.396421,
    1762016580.5983357,
    1762016580.8006687,
    1762016581.0037513,
    1762016581.2057054,
    1762016581.4080257,
    1762016581.6105175,
    1762016581.8124511,
    1762016582.0140657,
    1762016582.215818,
    1762016582.4182286,
    1762016582.6198657,
    1762016582.822649,
    1762016583.0249958,
    1762016583.2269623,
    1762016583.4295516,
    1762016583.6311767,
    1762016583.8343549,
    1762016584.0359507,
    1762016584.2379875,
    1762016584.4396982,
    1762016584.6417358,
    1762016584.843997,
    1762016585.0459695,
    1762016585.2479973,
    1762016585.450049,
    1762016585.6520035,
    1762016585.8543878,
    1762016586.0570977,
    1762016586.25859,
    1762016586.4602287,
    1762016586.662064,
    1762016586.8644083,
    1762016587.066919,
    1762016587.2688951,
    1762016587.4713616,
    1762016587.6731536,
    1762016587.8752997,
    1762016588.0769649,
    1762016588.278593,
    1762016588.4809604,
    1762016588.6827905,
    1762016588.885193,
    1762016589.0871713,
    1762016589.2888505,
    1762016589.4912112,
    1762016589.6929367,
    1762016589.8949294,
    1762016590.0973396,
    1762016590.2996507,
    1762016590.5017748,
    1762016590.7044697,
    1762016590.9071183,
    1762016591.109447,
    1762016591.3112588,
    1762016591.51334,
    1762016591.7159522,
    1762016591.9174473,
    1762016592.1195586,
    1762016592.3214154,
    1762016592.5237124,
    1762016592.7257848,
    1762016592.927946,
    1762016593.1307402,
    1762016593.3333654,
    1762016593.5356033,
    1762016593.7375414,
    1762016593.9394538,
    1762016594.1414027,
    1762016594.3443522,
    1762016594.5464175,
    1762016594.7487977,
    1762016594.9515824,
    1762016595.153754,
    1762016595.3552096,
    1762016595.557297,
    1762016595.7589316,
    1762016595.9605775,
    1762016596.1629548,
    1762016596.3653893
  ],
  "cpu_percent": [
    29.2,
    50.5,
    49.5,
    36.1,
    45.5,
    24.5,
    28.9,
    54.0,
    50.4,
    13.3,
    15.7,
    23.7,
    23.4,
    28.0,
    18.6,
    18.6,
    31.6,
    20.2,
    18.2,
    37.6,
    24.5,
    15.5,
    16.3,
    19.3,
    36.2,
    31.3,
    33.9,
    22.5,
    12.7,
    19.1,
    23.1,
    14.4,
    15.5,
    18.4,
    25.8,
    67.3,
    35.1,
    28.1,
    24.3,
    17.9,
    11.6,
    11.5,
    25.0,
    32.5,
    20.7,
    11.5,
    18.6,
    23.0,
    14.1,
    22.4,
    18.6,
    18.6,
    32.0,
    37.4,
    26.1,
    18.8,
    8.9,
    11.5,
    28.9,
    16.5,
    20.4,
    11.3,
    36.1,
    20.4,
    29.3,
    19.8,
    17.2,
    39.8,
    11.2,
    14.4,
    23.9,
    15.5,
    19.8,
    10.6,
    32.2,
    20.9,
    13.6,
    21.4,
    12.4,
    12.4,
    17.3,
    16.7,
    13.3,
    8.2,
    16.5,
    20.2,
    17.3,
    12.3,
    15.6,
    21.6,
    24.3,
    17.0,
    21.3
  ],
  "memory_percent": [
    94.1,
    94.8,
    95.0,
    95.1,
    95.2,
    95.5,
    96.4,
    96.6,
    94.0,
    94.0,
    94.0,
    94.0,
    94.0,
    94.1,
    94.0,
    94.0,
    94.0,
    94.0,
    94.0,
    94.0,
    94.0,
    94.0,
    94.0,
    94.0,
    94.1,
    94.2,
    94.0,
    94.0,
    94.0,
    94.0,
    94.0,
    94.0,
    93.9,
    94.1,
    95.1,
    95.4,
    95.5,
    95.4,
    93.8,
    93.8,
    93.7,
    93.8,
    93.7,
    93.7,
    93.8,
    93.7,
    93.7,
    93.6,
    93.7,
    93.7,
    93.7,
    93.7,
    93.7,
    93.7,
    93.7,
    93.6,
    93.6,
    93.6,
    93.7,
    93.8,
    93.6,
    93.6,
    93.7,
    94.6,
    95.2,
    94.2,
    93.7,
    93.7,
    93.7,
    93.7,
    93.7,
    93.7,
    93.7,
    93.6,
    93.7,
    93.7,
    93.6,
    93.6,
    93.7,
    93.7,
    93.7,
    93.7,
    93.8,
    93.7,
    93.7,
    93.7,
    93.7,
    93.7,
    93.7,
    93.7,
    93.7,
    94.8,
    94.0
  ],
  "process_memory_mb": [
    22.328125,
    22.3515625,
    22.3515625,
    22.3515625,
    22.3515625,
    22.35546875,
    22.35546875,
    22.3828125,
    22.40625,
    22.40625,
    22.40625,
    22.40625,
    22.40625,
    22.40625,
    22.40625,
    22.40625,
    22.40625,
    22.40625,
    22.40625,
    22.40625,
    22.40625,
    22.40625,
    22.40625,
    22.40625,
    22.41015625,
    22.41015625,
    22.41015625,
    22.41015625,
    22.4140625,
    22.4140625,
    22.4140625,
    22.4140625,
    22.4140625,
    22.41796875,
    22.41796875,
    22.41796875,
    22.41796875,
    22.41796875,
    22.421875,
    22.421875,
    22.421875,
    22.42578125,
    22.42578125,
    22.42578125,
    22.42578125,
    22.42578125,
    22.42578125,
    22.42578125,
    22.42578125,
    22.42578125,
    22.42578125,
    22.42578125,
    22.42578125,
    22.4296875,
    22.43359375,
    22.4375,
    22.4375,
    22.4375,
    22.4375,
    22.44140625,
    22.44140625,
    22.44140625,
    22.44140625,
    22.44140625,
    22.44140625,
    22.44140625,
    22.44140625,
    22.44140625,
    22.44140625,
    22.44140625,
    22.44140625,
    22.4453125,
    22.4453125,
    22.4453125,
    22.4453125,
    22.4453125,
    22.4453125,
    22.4453125,
    22.4453125,
    22.4453125,
    22.4453125,
    22.4453125,
    22.4453125,
    22.4453125,
    22.4453125,
    22.4453125,
    22.4453125,
    22.44921875,
    22.44921875,
    22.44921875,
    22.44921875,
    22.44921875,
    22.44921875
  ],
  "available_memory_mb": [
    927.53515625,
    810.25,
    773.6796875,
    769.1015625,
    749.65625,
    708.83203125,
    569.0625,
    534.3359375,
    930.41015625,
    930.8046875,
    932.8125,
    936.75,
    940.0546875,
    921.58984375,
    930.51171875,
    934.4453125,
    937.71875,
    932.51171875,
    931.1328125,
    929.13671875,
    935.0078125,
    936.2578125,
    940.41796875,
    939.5390625,
    926.37890625,
    910.90234375,
    935.4453125,
    938.859375,
    942.8046875,
    935.48828125,
    939.8203125,
    942.47265625,
    945.3203125,
    917.18359375,
    761.21875,
    710.7109375,
    702.48828125,
    720.9296875,
    972.16796875,
    971.24609375,
    981.2109375,
    973.89453125,
    977.375,
    980.1484375,
    974.01171875,
    990.52734375,
    989.68359375,
    991.71484375,
    982.765625,
    981.88671875,
    982.796875,
    983.83203125,
    988.43359375,
    989.94921875,
    986.0625,
    991.0625,
    992.19140625,
    993.47265625,
    987.96875,
    975.4375,
    991.20703125,
    991.45703125,
    985.1953125,
    845.1875,
    753.32421875,
    907.9453125,
    986.82421875,
    988.59765625,
    983.875,
    984.0703125,
    979.51171875,
    986.27734375,
    989.28125,
    991.0625,
    984.70703125,
    988.9140625,
    991.30859375,
    993.015625,
    986.18359375,
    985.24609375,
    988.40625,
    990.62890625,
    973.0390625,
    988.44921875,
    983.32421875,
    985.625,
    988.12109375,
    989.67578125,
    981.234375,
    980.83984375,
    983.23046875,
    808.890625,
    938.4609375
  ],