{
  "timestamp": [
    1761547615.1361783,
    1761547616.30206,
    1761547617.403593,
    1761547618.5053039,
    1761547619.6069634,
    1761547620.7088482,
    1761547621.8102303,
    1761547622.9117036,
    1761547624.01327,
    1761547625.114672,
    1761547626.2165372,
    1761547627.317506,
    1761547628.4191794,
    1761547629.5207813,
    1761547630.6219954,
    1761547631.7236001,
    1761547632.825578,
    1761547633.9272113,
    1761547635.0289385
  ],
  "cpu_percent": [
    35.2,
    22.3,
    1.0,
    14.2,
    13.4,
    25.9,
    8.8,
    11.9,
    0.0,
    6.7,
    1.0,
    3.6,
    8.3,
    4.5,
    7.8,
    1.0,
    2.9,
    9.0,
    5.8
  ],
  "memory_percent": [
    91.7,
    91.7,
    91.7,
    91.7,
    94.0,
    94.4,
    94.6,
    94.6,
    94.3,
    94.3,
    94.3,
    94.3,
    94.3,
    94.2,
    94.3,
    94.2,
    94.3,
    94.2,
    94.3
  ],
  "process_memory_mb": [
    69.515625,
    71.69140625,
    71.6953125,
    71.6953125,
    71.921875,
    85.27734375,
    85.27734375,
    86.671875,
    86.70703125,
    86.7109375,
    86.7109375,
    86.7109375,
    86.7265625,
    86.7265625,
    86.7265625,
    86.73046875,
    86.75,
    86.75,
    86.75390625
  ],
  "available_memory_mb": [
    1298.65625,
    1299.3359375,
    1290.44140625,
    1299.953125,
    939.5703125,
    874.4609375,
    840.890625,
    835.19140625,
    890.61328125,
    888.26953125,
    891.28515625,
    887.96875,
    893.5625,
    899.7578125,
    895.80078125,
    909.68359375,
    897.32421875,
    899.4609375,
    896.0546875
  ]
}