{
  "timestamp": [
    1761594714.69652,
    1761594714.8987913,
    1761594715.1010008,
    1761594715.3025002,
    1761594715.504002,
    1761594715.705994,
    1761594715.9075391,
    1761594716.1107147,
    1761594716.3128083,
    1761594716.5153747,
    1761594716.717225,
    1761594716.9199562,
    1761594717.1217887,
    1761594717.3236895,
    1761594717.5251057,
    1761594717.7267592,
    1761594717.9284093,
    1761594718.1297076,
    1761594718.3309274,
    1761594718.5323865,
    1761594718.7340906,
    1761594718.9354556,
    1761594719.13703,
    1761594719.3387759,
    1761594719.5401952,
    1761594719.742132,
    1761594719.9437282,
    1761594720.144934,
    1761594720.346113,
    1761594720.5477493,
    1761594720.7492383,
    1761594720.9511163,
    1761594721.1529207,
    1761594721.3543868,
    1761594721.556063,
    1761594721.7577431,
    1761594721.9595842,
    1761594722.1612575,
    1761594722.3628142,
    1761594722.5649142,
    1761594722.7661555,
    1761594722.9676008,
    1761594723.168818,
    1761594723.3703487,
    1761594723.5719259,
    1761594723.7732995,
    1761594723.9749386,
    1761594724.1761823,
    1761594724.3775935,
    1761594724.5788636,
    1761594724.7799091,
    1761594724.9819584,
    1761594725.1833577,
    1761594725.3851404,
    1761594725.5861607,
    1761594725.7875404,
    1761594725.9892735,
    1761594726.1905,
    1761594726.3921006,
    1761594726.5932555,
    1761594726.794269,
    1761594726.9959185,
    1761594727.1975107,
    1761594727.3990507
  ],
  "cpu_percent": [
    39.2,
    42.4,
    39.2,
    38.6,
    37.5,
    55.9,
    71.6,
    71.1,
    55.0,
    44.9,
    73.7,
    44.9,
    29.9,
    30.7,
    30.6,
    34.3,
    31.8,
    21.4,
    28.7,
    27.2,
    28.1,
    38.8,
    28.7,
    27.7,
    29.9,
    25.5,
    26.8,
    41.2,
    27.1,
    32.1,
    28.9,
    35.4,
    30.9,
    26.3,
    24.5,
    22.3,
    36.6,
    75.4,
    38.1,
    37.5,
    42.2,
    34.7,
    27.6,
    35.6,
    30.2,
    31.1,
    24.1,
    24.3,
    25.5,
    24.0,
    31.6,
    31.4,
    37.1,
    23.0,
    27.9,
    26.5,
    22.3,
    26.5,
    23.2,
    26.8,
    23.7,
    24.3,
    22.0,
    28.7
  ],
  "memory_percent": [
    90.4,
    91.1,
    91.4,
    91.5,
    91.8,
    92.1,
    92.7,
    91.6,
    89.7,
    88.6,
    87.1,
    84.8,
    84.8,
    84.8,
    84.8,
    84.8,
    84.9,
    84.9,
    84.8,
    84.8,
    84.8,
    84.9,
    84.9,
    84.8,
    84.9,
    84.9,
    84.9,
    84.9,
    84.9,
    85.0,
    84.9,
    85.1,
    85.1,
    85.0,
    85.1,
    85.1,
    86.2,
    85.0,
    84.9,
    84.9,
    84.9,
    84.9,
    85.0,
    85.0,
    85.1,
    85.1,
    85.1,
    85.1,
    85.1,
    85.1,
    85.1,
    85.1,
    85.2,
    85.2,
    85.2,
    85.2,
    85.2,
    85.2,
    85.2,
    85.3,
    85.2,
    85.2,
    85.3,
    86.5
  ],
  "process_memory_mb": [
    22.16796875,
    22.3359375,
    22.3359375,
    22.3359375,
    22.3359375,
    22.3359375,
    22.3359375,
    22.35546875,
    12.421875,
    12.5,
    12.8671875,
    13.34765625,
    13.34765625,
    13.34765625,
    13.34765625,
    13.34765625,
    13.34765625,
    13.34765625,
    13.34765625,
    13.34765625,
    13.34765625,
    13.34765625,
    13.34765625,
    13.34765625,
    13.34765625,
    13.34765625,
    13.34765625,
    13.34765625,
    13.34765625,
    13.34765625,
    13.34765625,
    13.34765625,
    13.34765625,
    13.34765625,
    13.34765625,
    14.19140625,
    14.19140625,
    14.32421875,
    14.32421875,
    14.32421875,
    14.32421875,
    14.33203125,
    14.33203125,
    14.33203125,
    14.3359375,
    14.3359375,
    14.3359375,
    14.3359375,
    14.3359375,
    14.3359375,
    14.3359375,
    14.3359375,
    14.3359375,
    14.34765625,
    14.34765625,
    14.34765625,
    14.34765625,
    14.34765625,
    14.34765625,
    14.34765625,
    14.34765625,
    14.34765625,
    14.3828125,
    14.3828125
  ],
  "available_memory_mb": [
    1500.67578125,
    1386.87890625,
    1343.35546875,
    1324.60546875,
    1283.25,
    1225.27734375,
    1141.05859375,
    1315.81640625,
    1612.56640625,
    1786.74609375,
    2006.2265625,
    2374.49609375,
    2370.51171875,
    2375.67578125,
    2373.890625,
    2368.625,
    2361.1328125,
    2359.12109375,
    2366.46484375,
    2365.58203125,
    2367.51953125,
    2363.78515625,
    2363.0390625,
    2366.5703125,
    2362.9609375,
    2362.44140625,
    2353.671875,
    2353.9453125,
    2352.27734375,
    2347.6328125,
    2350.35546875,
    2332.85546875,
    2330.68359375,
    2335.109375,
    2331.35546875,
    2329.828125,
    2160.109375,
    2338.1328125,
    2351.015625,
    2351.2734375,
    2350.30078125,
    2349.91796875,
    2341.265625,
    2333.84765625,
    2330.91015625,
    2327.609375,
    2326.171875,
    2326.5625,
    2327.58203125,
    2325.375,
    2320.2109375,
    2318.83984375,
    2311.6875,
    2316.41015625,
    2313.91796875,
    2309.39453125,
    2307.58203125,
    2302.58203125,
    2303.734375,
    2298.484375,
    2312.84765625,
    2303.0234375,
    2301.59765625,
    2106.2578125
  ]
}