{
  "timestamp": [
    1761467721.9443002,
    1761467722.145873,
    1761467722.3472185,
    1761467722.548394,
    1761467722.7503643,
    1761467722.9518385,
    1761467723.1534247,
    1761467723.354652,
    1761467723.5565531,
    1761467723.7585592
  ],
  "cpu_percent": [
    6.7,
    8.9,
    11.5,
    13.4,
    18.8,
    32.0,
    14.0,
    26.8,
    15.2,
    21.4
  ],
  "memory_percent": [
    90.1,
    91.0,
    91.2,
    90.3,
    91.4,
    91.4,
    91.1,
    91.4,
    90.7,
    89.9
  ],
  "process_memory_mb": [
    21.41796875,
    21.58203125,
    21.58203125,
    21.6015625,
    21.60546875,
    21.60546875,
    21.60546875,
    21.60546875,
    21.60546875,
    21.609375
  ],
  "available_memory_mb": [
    1540.890625,
    1405.62109375,
    1368.08203125,
    1510.41796875,
    1341.1953125,
    1341.69140625,
    1389.09765625,
    1342.65234375,
    1447.2734375,
    1571.92578125
  ]
}