{
  "board_state_caching": {
    "uncached_time": 0.005548238754272461,
    "cached_time": 0.0053484439849853516,
    "speedup": 1.0373556813622788
  },
  "evaluation_caching": {
    "uncached_time": 0.2577643394470215,
    "cached_time": 0.0024154186248779297,
    "speedup": 106.71621755009377
  },
  "move_validation": {
    "total_moves": 70,
    "total_time": 0.2282719612121582,
    "avg_time_per_move_ms": 3.2610280173165456
  },
  "ai_move_generation": {
    "moves_count": 3,
    "total_time": 0.0009224414825439453,
    "avg_time_per_move": 0.0003074804941813151
  },
  "performance_summary": {
    "uptime_seconds": 1.8937978744506836,
    "cpu_usage": {
      "average": 16.37,
      "maximum": 32.0
    },
    "memory_usage": {
      "average_percent": 90.96,
      "maximum_percent": 91.4,
      "process_memory_mb": {
        "average": 21.58,
        "maximum": 21.61
      }
    },
    "total_events": 0
  }
}