{
  "timestamp": [
    1761123212.5720835,
    1761123213.7272704,
    1761123214.8284752,
    1761123215.9298654,
    1761123217.0312994,
    1761123218.1325998,
    1761123219.2339854,
    1761123220.3351166,
    1761123221.4364915,
    1761123222.5379279,
    1761123223.6394224,
    1761123224.7414865,
    1761123225.843003,
    1761123226.9447079,
    1761123228.0457227,
    1761123229.1468885,
    1761123230.2484193,
    1761123231.3500686,
    1761123232.451928,
    1761123233.5535517,
    1761123234.6549711,
    1761123235.7558935,
    1761123236.8573935,
    1761123237.9588387,
    1761123239.0603232,
    1761123240.1619442,
    1761123241.263199,
    1761123242.3641953,
    1761123243.4651074,
    1761123244.5665903,
    1761123245.6679418,
    1761123246.769412,
    1761123247.871936,
    1761123248.9734445,
    1761123250.0748272,
    1761123251.1757514,
    1761123252.2770395
  ],
  "cpu_percent": [
    26.9,
    8.2,
    8.3,
    9.4,
    12.6,
    17.0,
    13.7,
    9.6,
    8.3,
    53.6,
    10.7,
    10.4,
    12.4,
    16.2,
    14.6,
    11.0,
    8.3,
    32.7,
    8.2,
    8.3,
    9.3,
    7.1,
    9.4,
    7.3,
    11.2,
    12.7,
    15.6,
    11.8,
    7.1,
    12.6,
    9.3,
    17.0,
    7.3,
    15.5,
    8.2,
    20.7,
    5.0
  ],
  "memory_percent": [
    77.2,
    77.2,
    77.2,
    77.2,
    77.2,
    78.8,
    78.8,
    78.8,
    78.8,
    78.9,
    78.9,
    78.9,
    78.9,
    78.8,
    78.8,
    78.8,
    78.8,
    78.7,
    78.6,
    78.6,
    78.6,
    78.6,
    78.5,
    78.5,
    78.5,
    78.5,
    78.5,
    78.5,
    78.6,
    78.6,
    78.5,
    78.5,
    78.5,
    78.5,
    78.5,
    77.0,
    77.0
  ],
  "process_memory_mb": [
    70.109375,
    72.30078125,
    72.30859375,
    72.3125,
    72.41015625,
    84.75,
    85.6796875,
    85.80078125,
    85.80078125,
    87.18359375,
    87.20703125,
    87.2734375,
    87.3203125,
    87.3359375,
    87.3359375,
    87.3359375,
    87.33984375,
    87.33984375,
    87.33984375,
    87.33984375,
    87.33984375,
    87.33984375,
    87.33984375,
    87.33984375,
    87.33984375,
    87.33984375,
    87.8046875,
    87.8203125,
    87.82421875,
    87.828125,
    87.8359375,
    87.8359375,
    87.8359375,
    87.83984375,
    87.84375,
    81.8046875,
    81.8046875
  ],
  "available_memory_mb": [
    3555.68359375,
    3555.23046875,
    3550.6796875,
    3550.65625,
    3552.8046875,
    3304.3046875,
    3310.53515625,
    3303.1796875,
    3301.76953125,
    3285.6328125,
    3288.3828125,
    3290.55859375,
    3290.78125,
    3314.03125,
    3305.12890625,
    3303.74609375,
    3303.82421875,
    3331.38671875,
    3339.796875,
    3342.86328125,
    3336.62890625,
    3336.66796875,
    3353.00390625,
    3354.828125,
    3352.5234375,
    3352.28125,
    3348.76171875,
    3349.1484375,
    3344.0,
    3345.953125,
    3348.9375,
    3348.90234375,
    3350.375,
    3353.234375,
    3352.53125,
    3597.08203125,
    3591.46484375
  ]
}